<?xml version="1.0" encoding="UTF-8"?>
<project-private xmlns="http://www.netbeans.org/ns/project-private/1">
    <editor-bookmarks xmlns="http://www.netbeans.org/ns/editor-bookmarks/1"/>
    <open-files xmlns="http://www.netbeans.org/ns/projectui-open-files/1">
        <file>file:/Users/benoit/Applications/playApps/cms/app/views/tags/cms/url.tag</file>
        <file>file:/Users/benoit/Applications/playApps/cms/app/plugins/cms/Tag.java</file>
        <file>file:/Users/benoit/Applications/playApps/cms/nbproject/project.xml</file>
    </open-files>
</project-private>
